<?xml version="1.0" encoding="UTF-8"?>
<root>
  <item name="android.support.wearable.watchface.WatchFaceService.Engine Engine()">
  </item>
  <item name="android.support.wearable.watchface.WatchFaceService.Engine void onCreate(android.view.SurfaceHolder)">
  </item>
  <item name="android.support.wearable.watchface.WatchFaceService.Engine void onDestroy()">
  </item>
  <item name="android.support.wearable.watchface.WatchFaceService.Engine void onTapCommand(int, int, int, long) 0">
    <annotation name="android.support.annotation.IntDef">
      <val name="value" val="{android.support.wearable.watchface.WatchFaceService.TAP_TYPE_TOUCH, android.support.wearable.watchface.WatchFaceService.TAP_TYPE_TOUCH_CANCEL, android.support.wearable.watchface.WatchFaceService.TAP_TYPE_TAP}" />
    </annotation>
  </item>
  <item name="android.support.wearable.watchface.WatchFaceService.Engine void onVisibilityChanged(boolean)">
  </item>
</root>

